image_id,label
train1.png,1
train2.png,0
train3.png,1
train4.png,0
train5.png,0
train6.png,0
train7.png,0
train8.png,0
train9.png,0
train10.png,0
train11.png,0
train12.png,0
train13.png,0
train14.png,0
train15.png,0
train16.png,0
train17.png,0
train18.png,0
train19.png,0
train20.png,0
train21.png,0
train22.png,0
train23.png,0
train24.png,0
train25.png,0
train26.png,0
train27.png,0
train28.png,0
train29.png,0
train30.png,0
train31.png,0
train32.png,0
train33.png,0
train34.png,0
train35.png,0
train36.png,0
train37.png,1
train38.png,0
train39.png,1
train40.png,1
train41.png,0
train42.png,0
train43.png,0
train44.png,0
train45.png,0
train46.png,0
train47.png,0
train48.png,0
train49.png,0
train50.png,0
train51.png,0
train52.png,0
train53.png,0
train54.png,0
train55.png,0
train56.png,0
train57.png,0
train58.png,0
train59.png,1
train60.png,0
train61.png,0
train62.png,0
train63.png,0
train64.png,0
train65.png,0
train66.png,0
train67.png,1
train68.png,0
train69.png,0
train70.png,0
train71.png,0
train72.png,0
train73.png,0
train74.png,0
train75.png,0
train76.png,0
train77.png,0
train78.png,0
train79.png,1
train80.png,0
train81.png,0
train82.png,0
train83.png,1
train84.png,0
train85.png,0
train86.png,0
train87.png,0
train88.png,0
train89.png,0
train90.png,1
train91.png,0
train92.png,0
train93.png,0
train94.png,1
train95.png,0
train96.png,1
train97.png,0
train98.png,0
train99.png,1
train100.png,0
train101.png,0
train102.png,0
train103.png,1
train104.png,0
train105.png,0
train106.png,1
train107.png,1
train108.png,0
train109.png,0
train110.png,0
train111.png,0
train112.png,0
train113.png,0
train114.png,0
train115.png,0
train116.png,1
train117.png,0
train118.png,0
train119.png,0
train120.png,0
train121.png,1
train122.png,0
train123.png,0
train124.png,0
train125.png,0
train126.png,0
train127.png,0
train128.png,1
train129.png,1
train130.png,0
train131.png,0
train132.png,0
train133.png,0
train134.png,0
train135.png,0
train136.png,0
train137.png,0
train138.png,0
train139.png,0
train140.png,1
train141.png,0
train142.png,0
train143.png,0
train144.png,1
train145.png,0
train146.png,1
train147.png,0
train148.png,1
train149.png,0
train150.png,0
train151.png,0
train152.png,0
train153.png,1
train154.png,0
train155.png,0
train156.png,1
train157.png,0
train158.png,0
train159.png,0
train160.png,0
train161.png,0
train162.png,0
train163.png,0
train164.png,0
train165.png,0
train166.png,0
train167.png,0
train168.png,0
train169.png,0
train170.png,0
train171.png,0
train172.png,0
train173.png,0
train174.png,1
train175.png,0
train176.png,0
train177.png,0
train178.png,0
train179.png,1
train180.png,0
train181.png,0
train182.png,1
train183.png,0
train184.png,0
train185.png,0
train186.png,0
train187.png,1
train188.png,0
train189.png,1
train190.png,0
train191.png,0
train192.png,0
train193.png,1
train194.png,0
train195.png,0
train196.png,0
train197.png,0
train198.png,0
train199.png,0
train200.png,0
train201.png,0
train202.png,0
train203.png,0
train204.png,0
train205.png,1
train206.png,0
train207.png,0
train208.png,0
train209.png,0
train210.png,0
train211.png,0
train212.png,1
train213.png,1
train214.png,1
train215.png,0
train216.png,0
train217.png,0
train218.png,1
train219.png,0
train220.png,0
train221.png,0
train222.png,0
train223.png,0
train224.png,0
train225.png,0
train226.png,0
train227.png,0
train228.png,0
train229.png,0
train230.png,0
train231.png,0
train232.png,0
train233.png,0
train234.png,1
train235.png,0
train236.png,0
train237.png,0
train238.png,0
train239.png,1
train240.png,0
train241.png,0
train242.png,0
train243.png,0
train244.png,0
train245.png,0
train246.png,0
train247.png,1
train248.png,1
train249.png,1
train250.png,0
train251.png,0
train252.png,0
train253.png,0
train254.png,0
train255.png,1
train256.png,1
train257.png,0
train258.png,1
train259.png,0
train260.png,0
train261.png,0
train262.png,0
train263.png,1
train264.png,0
train265.png,1
train266.png,0
train267.png,0
train268.png,0
train269.png,0
train270.png,0
train271.png,0
train272.png,0
train273.png,0
train274.png,0
train275.png,0
train276.png,0
train277.png,0
train278.png,1
train279.png,0
train280.png,0
train281.png,0
train282.png,0
train283.png,0
train284.png,0
train285.png,1
train286.png,0
train287.png,0
train288.png,0
train289.png,1
train290.png,0
train291.png,0
train292.png,0
train293.png,0
train294.png,0
train295.png,0
train296.png,0
train297.png,0
train298.png,0
train299.png,0
train300.png,1
train301.png,0
train302.png,1
train303.png,0
train304.png,0
train305.png,1
train306.png,0
train307.png,0
train308.png,0
train309.png,0
train310.png,1
train311.png,0
train312.png,1
train313.png,0
train314.png,0
train315.png,0
train316.png,1
train317.png,0
train318.png,0
train319.png,0
train320.png,0
train321.png,0
train322.png,0
train323.png,0
train324.png,0
train325.png,0
train326.png,1
train327.png,1
train328.png,0
train329.png,0
train330.png,1
train331.png,0
train332.png,0
train333.png,1
train334.png,0
train335.png,0
train336.png,0
train337.png,0
train338.png,0
train339.png,0
train340.png,0
train341.png,1
train342.png,0
train343.png,0
train344.png,0
train345.png,0
train346.png,0
train347.png,1
train348.png,0
train349.png,0
train350.png,0
train351.png,0
train352.png,0
train353.png,0
train354.png,0
train355.png,0
train356.png,0
train357.png,0
train358.png,0
train359.png,0
train360.png,0
train361.png,1
train362.png,0
train363.png,0
train364.png,0
train365.png,0
train366.png,0
train367.png,0
train368.png,0
train369.png,1
train370.png,0
train371.png,0
train372.png,0
train373.png,0
train374.png,0
train375.png,0
train376.png,0
train377.png,0
train378.png,0
train379.png,0
train380.png,1
train381.png,0
train382.png,0
train383.png,0
train384.png,0
train385.png,1
train386.png,1
train387.png,0
train388.png,0
train389.png,0
train390.png,0
train391.png,0
train392.png,0
train393.png,0
train394.png,0
train395.png,0
train396.png,0
train397.png,0
train398.png,0
train399.png,1
train400.png,1
train401.png,0
train402.png,1
train403.png,0
train404.png,0
train405.png,0
train406.png,1
train407.png,0
train408.png,0
train409.png,1
train410.png,0
train411.png,0
train412.png,0
train413.png,0
train414.png,1
train415.png,0
train416.png,0
train417.png,0
train418.png,0
train419.png,0
train420.png,0
train421.png,0
train422.png,0
train423.png,0
train424.png,0
train425.png,0
train426.png,0
train427.png,1
train428.png,0
train429.png,0
train430.png,0
train431.png,0
train432.png,1
train433.png,0
train434.png,0
train435.png,0
train436.png,0
train437.png,1
train438.png,0
train439.png,0
train440.png,0
train441.png,0
train442.png,1
train443.png,0
train444.png,1
train445.png,0
train446.png,0
train447.png,1
train448.png,0
train449.png,0
train450.png,0
train451.png,0
train452.png,0
train453.png,0
train454.png,1
train455.png,0
train456.png,0
train457.png,0
train458.png,1
train459.png,0
train460.png,0
train461.png,0
train462.png,0
train463.png,0
train464.png,0
train465.png,1
train466.png,0
train467.png,1
train468.png,0
train469.png,0
train470.png,0
train471.png,0
train472.png,0
train473.png,0
train474.png,0
train475.png,0
train476.png,0
train477.png,0
train478.png,0
train479.png,0
train480.png,1
train481.png,0
train482.png,0
train483.png,0
train484.png,0
train485.png,1
train486.png,0
train487.png,1
train488.png,1
train489.png,0
train490.png,0
train491.png,0
train492.png,0
train493.png,0
train494.png,0
train495.png,0
train496.png,1
train497.png,0
train498.png,0
train499.png,0
train500.png,0
train501.png,0
train502.png,1
train503.png,0
train504.png,0
train505.png,0
train506.png,0
train507.png,0
train508.png,0
train509.png,0
train510.png,0
train511.png,0
train512.png,0
train513.png,0
train514.png,0
train515.png,0
train516.png,0
train517.png,0
train518.png,0
train519.png,0
train520.png,0
train521.png,0
train522.png,0
train523.png,0
train524.png,0
train525.png,0
train526.png,0
train527.png,0
train528.png,1
train529.png,0
train530.png,0
train531.png,1
train532.png,0
train533.png,0
train534.png,0
train535.png,0
train536.png,0
train537.png,0
train538.png,0
train539.png,0
train540.png,0
train541.png,0
train542.png,0
train543.png,0
train544.png,0
train545.png,0
train546.png,0
train547.png,0
train548.png,0
train549.png,0
train550.png,0
train551.png,0
train552.png,0
train553.png,1
train554.png,0
train555.png,1
train556.png,0
train557.png,0
train558.png,1
train559.png,0
train560.png,0
train561.png,0
train562.png,0
train563.png,0
train564.png,1
train565.png,0
train566.png,0
train567.png,0
train568.png,0
train569.png,1
train570.png,0
train571.png,0
train572.png,0
train573.png,1
train574.png,0
train575.png,0
train576.png,1
train577.png,0
train578.png,0
train579.png,0
train580.png,0
train581.png,0
train582.png,0
train583.png,0
train584.png,0
train585.png,0
train586.png,0
train587.png,1
train588.png,0
train589.png,0
train590.png,0
train591.png,0
train592.png,0
train593.png,1
train594.png,0
train595.png,0
train596.png,0
train597.png,0
train598.png,0
train599.png,0
train600.png,0
train601.png,0
train602.png,0
train603.png,0
train604.png,0
train605.png,0
train606.png,1
train607.png,0
train608.png,0
train609.png,0
train610.png,0
train611.png,1
train612.png,0
train613.png,0
train614.png,0
train615.png,0
train616.png,0
train617.png,1
train618.png,0
train619.png,0
train620.png,0
train621.png,0
train622.png,0
train623.png,0
train624.png,0
train625.png,1
train626.png,0
train627.png,0
train628.png,0
train629.png,1
train630.png,0
train631.png,1
train632.png,0
train633.png,0
train634.png,1
train635.png,1
train636.png,0
train637.png,0
train638.png,0
train639.png,0
train640.png,0
train641.png,0
train642.png,0
train643.png,0
train644.png,0
train645.png,0
train646.png,1
train647.png,0
train648.png,0
train649.png,0
train650.png,0
train651.png,0
train652.png,1
train653.png,0
train654.png,0
train655.png,0
train656.png,0
train657.png,0
train658.png,0
train659.png,0
train660.png,0
train661.png,0
train662.png,0
train663.png,0
train664.png,0
train665.png,0
train666.png,0
train667.png,1
train668.png,1
train669.png,1
train670.png,0
train671.png,1
train672.png,0
train673.png,0
train674.png,0
train675.png,0
train676.png,0
train677.png,1
train678.png,0
train679.png,0
train680.png,0
train681.png,0
train682.png,0
train683.png,0
train684.png,0
train685.png,0
train686.png,1
train687.png,0
train688.png,0
train689.png,0
train690.png,0
train691.png,0
train692.png,0
train693.png,0
train694.png,1
train695.png,1
train696.png,0
train697.png,0
train698.png,0
train699.png,0
train700.png,0
train701.png,0
train702.png,0
train703.png,0
train704.png,0
train705.png,0
train706.png,0
train707.png,0
train708.png,1
train709.png,0
train710.png,0
train711.png,0
train712.png,0
train713.png,0
train714.png,0
train715.png,0
train716.png,1
train717.png,1
train718.png,0
train719.png,0
train720.png,1
train721.png,0
train722.png,1
train723.png,0
train724.png,0
train725.png,0
train726.png,0
train727.png,0
train728.png,0
train729.png,0
train730.png,0
train731.png,1
train732.png,0
train733.png,0
train734.png,0
train735.png,0
train736.png,0
train737.png,0
train738.png,1
train739.png,0
train740.png,0
train741.png,0
train742.png,1
train743.png,0
train744.png,0
train745.png,0
train746.png,0
train747.png,0
train748.png,0
train749.png,1
train750.png,0
train751.png,0
train752.png,0
train753.png,0
train754.png,0
train755.png,0
train756.png,0
train757.png,1
train758.png,0
train759.png,0
train760.png,0
train761.png,0
train762.png,0
train763.png,0
train764.png,0
train765.png,0
train766.png,0
train767.png,0
train768.png,0
train769.png,0
train770.png,1
train771.png,0
train772.png,0
train773.png,1
train774.png,1
train775.png,1
train776.png,0
train777.png,0
train778.png,0
train779.png,1
train780.png,0
train781.png,1
train782.png,0
train783.png,0
train784.png,0
train785.png,0
train786.png,0
train787.png,0
train788.png,0
train789.png,0
train790.png,0
train791.png,0
train792.png,0
train793.png,1
train794.png,0
train795.png,0
train796.png,0
train797.png,0
train798.png,0
train799.png,0
train800.png,0
train801.png,0
train802.png,0
train803.png,0
train804.png,0
train805.png,0
train806.png,0
train807.png,0
train808.png,0
train809.png,0
train810.png,0
train811.png,0
train812.png,0
train813.png,0
train814.png,0
train815.png,0
train816.png,0
train817.png,0
train818.png,0
train819.png,0
train820.png,0
train821.png,0
train822.png,0
train823.png,0
train824.png,0
train825.png,0
train826.png,0
train827.png,1
train828.png,0
train829.png,1
train830.png,0
train831.png,0
train832.png,0
train833.png,0
train834.png,0
train835.png,0
train836.png,1
train837.png,0
train838.png,1
train839.png,1
train840.png,0
train841.png,0
train842.png,0
train843.png,1
train844.png,1
train845.png,1
train846.png,0
train847.png,0
train848.png,0
train849.png,0
train850.png,0
train851.png,0
train852.png,1
train853.png,0
train854.png,0
train855.png,1
train856.png,0
train857.png,0
train858.png,0
train859.png,0
train860.png,0
train861.png,0
train862.png,1
train863.png,0
train864.png,1
train865.png,0
train866.png,0
train867.png,0
train868.png,0
train869.png,0
train870.png,0
train871.png,1
train872.png,0
train873.png,0
train874.png,1
train875.png,0
train876.png,0
train877.png,0
train878.png,0
train879.png,0
train880.png,0
train881.png,0
train882.png,0
train883.png,0
train884.png,1
train885.png,0
train886.png,0
train887.png,1
train888.png,1
train889.png,0
train890.png,0
train891.png,1
train892.png,0
train893.png,0
train894.png,0
train895.png,0
train896.png,0
train897.png,0
train898.png,0
train899.png,0
train900.png,0
train901.png,0
train902.png,0
train903.png,0
train904.png,0
train905.png,0
train906.png,0
train907.png,0
train908.png,0
train909.png,0
train910.png,1
train911.png,0
train912.png,1
train913.png,0
train914.png,0
train915.png,0
train916.png,0
train917.png,0
train918.png,1
train919.png,0
train920.png,0
train921.png,0
train922.png,0
train923.png,0
train924.png,0
train925.png,0
train926.png,0
train927.png,0
train928.png,0
train929.png,0
train930.png,0
train931.png,0
train932.png,1
train933.png,0
train934.png,0
train935.png,0
train936.png,0
train937.png,0
train938.png,0
train939.png,0
train940.png,0
train941.png,0
train942.png,0
train943.png,0
train944.png,0
train945.png,0
train946.png,1
train947.png,0
train948.png,0
train949.png,0
train950.png,0
train951.png,0
train952.png,0
train953.png,1
train954.png,0
train955.png,0
train956.png,0
train957.png,0
train958.png,1
train959.png,0
train960.png,0
train961.png,0
train962.png,0
train963.png,1
train964.png,1
train965.png,1
train966.png,0
train967.png,0
train968.png,0
train969.png,0
train970.png,0
train971.png,0
train972.png,0
train973.png,0
train974.png,1
train975.png,0
train976.png,0
train977.png,0
train978.png,0
train979.png,1
train980.png,0
train981.png,0
train982.png,0
train983.png,0
train984.png,0
train985.png,0
train986.png,0
train987.png,0
train988.png,0
train989.png,0
train990.png,0
train991.png,0
train992.png,0
train993.png,0
train994.png,0
train995.png,0
train996.png,0
train997.png,1
train998.png,0
train999.png,0
train1000.png,0
train1001.png,1
train1002.png,0
train1003.png,0
train1004.png,0
train1005.png,0
train1006.png,1
train1007.png,0
train1008.png,0
train1009.png,1
train1010.png,1
train1011.png,0
train1012.png,0
train1013.png,1
train1014.png,0
train1015.png,0
train1016.png,0
train1017.png,0
train1018.png,0
train1019.png,0
train1020.png,0
train1021.png,0
train1022.png,0
train1023.png,0
train1024.png,0
train1025.png,0
train1026.png,0
train1027.png,1
train1028.png,0
train1029.png,0
train1030.png,0
train1031.png,1
train1032.png,0
train1033.png,0
train1034.png,0
train1035.png,0
train1036.png,0
train1037.png,0
train1038.png,1
train1039.png,0
train1040.png,0
train1041.png,0
train1042.png,0
train1043.png,0
train1044.png,0
train1045.png,0
train1046.png,1
train1047.png,0
train1048.png,0
train1049.png,0
train1050.png,0
train1051.png,0
train1052.png,0
train1053.png,0
train1054.png,0
train1055.png,1
train1056.png,0
train1057.png,0
train1058.png,0
train1059.png,0
train1060.png,0
train1061.png,1
train1062.png,1
train1063.png,0
train1064.png,1
train1065.png,0
train1066.png,0
train1067.png,0
train1068.png,0
train1069.png,0
train1070.png,0
train1071.png,0
train1072.png,0
train1073.png,0
train1074.png,0
train1075.png,0
train1076.png,0
train1077.png,0
train1078.png,0
train1079.png,0
train1080.png,0
train1081.png,0
train1082.png,0
train1083.png,0
train1084.png,0
train1085.png,0
train1086.png,0
train1087.png,0
train1088.png,0
train1089.png,0
train1090.png,0
train1091.png,0
train1092.png,0
train1093.png,0
train1094.png,0
train1095.png,0
train1096.png,0
train1097.png,0
train1098.png,0
train1099.png,0
train1100.png,0
train1101.png,0
train1102.png,0
train1103.png,1
train1104.png,0
train1105.png,0
train1106.png,0
train1107.png,0
train1108.png,0
train1109.png,0
train1110.png,0
train1111.png,0
train1112.png,0
train1113.png,0
train1114.png,0
train1115.png,0
train1116.png,0
train1117.png,0
train1118.png,1
train1119.png,0
train1120.png,0
train1121.png,1
train1122.png,0
train1123.png,0
train1124.png,0
train1125.png,0
train1126.png,0
train1127.png,0
train1128.png,0
train1129.png,1
train1130.png,0
train1131.png,0
train1132.png,0
train1133.png,0
train1134.png,1
train1135.png,0
train1136.png,0
train1137.png,0
train1138.png,0
train1139.png,0
train1140.png,0
train1141.png,0
train1142.png,1
train1143.png,0
train1144.png,0
train1145.png,0
train1146.png,0
train1147.png,0
train1148.png,0
train1149.png,0
train1150.png,0
train1151.png,0
train1152.png,0
train1153.png,0
train1154.png,0
train1155.png,0
train1156.png,0
train1157.png,1
train1158.png,0
train1159.png,0
train1160.png,0
train1161.png,0
train1162.png,0
train1163.png,0
train1164.png,0
train1165.png,0
train1166.png,1
train1167.png,0
train1168.png,0
train1169.png,0
train1170.png,0
train1171.png,0
train1172.png,0
train1173.png,0
train1174.png,0
train1175.png,1
train1176.png,0
train1177.png,0
train1178.png,0
train1179.png,0
train1180.png,0
train1181.png,0
train1182.png,0
train1183.png,0
train1184.png,0
train1185.png,0
train1186.png,0
train1187.png,0
train1188.png,0
train1189.png,1
train1190.png,0
train1191.png,0
train1192.png,0
train1193.png,0
train1194.png,0
train1195.png,0
train1196.png,0
train1197.png,1
train1198.png,0
train1199.png,1
train1200.png,0
train1201.png,0
train1202.png,1
train1203.png,0
train1204.png,0
train1205.png,0
train1206.png,0
train1207.png,0
train1208.png,0
train1209.png,0
train1210.png,0
train1211.png,0
train1212.png,1
train1213.png,0
train1214.png,0
train1215.png,1
train1216.png,0
train1217.png,0
train1218.png,1
train1219.png,0
train1220.png,0
train1221.png,1
train1222.png,0
train1223.png,0
train1224.png,0
train1225.png,0
train1226.png,1
train1227.png,0
train1228.png,0
train1229.png,0
train1230.png,0
train1231.png,0
train1232.png,1
train1233.png,0
train1234.png,0
train1235.png,1
train1236.png,0
train1237.png,0
train1238.png,0
train1239.png,1
train1240.png,0
train1241.png,0
train1242.png,1
train1243.png,0
train1244.png,0
train1245.png,1
train1246.png,0
train1247.png,1
train1248.png,0
train1249.png,1
train1250.png,0
train1251.png,0
train1252.png,1
train1253.png,0
train1254.png,0
train1255.png,0
train1256.png,0
train1257.png,0
train1258.png,0
train1259.png,0
train1260.png,0
train1261.png,0
train1262.png,0
train1263.png,0
train1264.png,0
train1265.png,0
train1266.png,0
train1267.png,0
train1268.png,0
train1269.png,0
train1270.png,0
train1271.png,0
train1272.png,0
train1273.png,0
train1274.png,0
train1275.png,1
train1276.png,0
train1277.png,0
train1278.png,0
train1279.png,0
train1280.png,0
train1281.png,0
train1282.png,1
train1283.png,0
train1284.png,0
train1285.png,0
train1286.png,0
train1287.png,0
train1288.png,0
train1289.png,0
train1290.png,0
train1291.png,0
train1292.png,1
train1293.png,0
train1294.png,0
train1295.png,0
train1296.png,0
train1297.png,0
train1298.png,0
train1299.png,0
train1300.png,0
train1301.png,0
train1302.png,0
train1303.png,0
train1304.png,0
train1305.png,0
train1306.png,0
train1307.png,0
train1308.png,1
train1309.png,0
train1310.png,0
train1311.png,0
train1312.png,1
train1313.png,1
train1314.png,0
train1315.png,0
train1316.png,0
train1317.png,0
train1318.png,0
train1319.png,0
train1320.png,0
train1321.png,0
train1322.png,0
train1323.png,0
train1324.png,0
train1325.png,0
train1326.png,0
train1327.png,0
train1328.png,0
train1329.png,0
train1330.png,0
train1331.png,0
train1332.png,0
train1333.png,0
train1334.png,0
train1335.png,0
train1336.png,1
train1337.png,0
train1338.png,0
train1339.png,0
train1340.png,0
train1341.png,0
train1342.png,0
train1343.png,0
train1344.png,0
train1345.png,1
train1346.png,1
train1347.png,0
train1348.png,0
train1349.png,0
train1350.png,1
train1351.png,0
train1352.png,0
train1353.png,1
train1354.png,0
train1355.png,0
train1356.png,0
train1357.png,0
train1358.png,0
train1359.png,0
train1360.png,0
train1361.png,0
train1362.png,1
train1363.png,0
train1364.png,0
train1365.png,0
train1366.png,0
train1367.png,0
train1368.png,1
train1369.png,0
train1370.png,0
train1371.png,0
train1372.png,0
train1373.png,0
train1374.png,1
train1375.png,0
train1376.png,0
train1377.png,0
train1378.png,0
train1379.png,0
train1380.png,0
train1381.png,1
train1382.png,0
train1383.png,0
train1384.png,0
train1385.png,0
train1386.png,0
train1387.png,0
train1388.png,0
train1389.png,0
train1390.png,0
train1391.png,0
train1392.png,1
train1393.png,0
train1394.png,0
train1395.png,1
train1396.png,1
train1397.png,1
train1398.png,0
train1399.png,1
train1400.png,0
train1401.png,1
train1402.png,0
train1403.png,0
train1404.png,0
train1405.png,0
train1406.png,1
train1407.png,1
train1408.png,0
train1409.png,0
train1410.png,1
train1411.png,0
train1412.png,1
train1413.png,0
train1414.png,1
train1415.png,0
train1416.png,0
train1417.png,0
train1418.png,0
train1419.png,0
train1420.png,0
train1421.png,0
train1422.png,0
train1423.png,0
train1424.png,0
train1425.png,0
train1426.png,0
train1427.png,1
train1428.png,0
train1429.png,1
train1430.png,1
train1431.png,0
train1432.png,1
train1433.png,0
train1434.png,0
train1435.png,0
train1436.png,0
train1437.png,0
train1438.png,1
train1439.png,0
train1440.png,1
train1441.png,1
train1442.png,0
train1443.png,0
train1444.png,0
train1445.png,0
train1446.png,0
train1447.png,0
train1448.png,1
train1449.png,0
train1450.png,0
train1451.png,1
train1452.png,0
train1453.png,0
train1454.png,0
train1455.png,0
train1456.png,0
train1457.png,0
train1458.png,1
train1459.png,0
train1460.png,0
train1461.png,0
train1462.png,0
train1463.png,0
train1464.png,1
train1465.png,0
train1466.png,0
train1467.png,0
train1468.png,0
train1469.png,0
train1470.png,1
train1471.png,0
train1472.png,0
train1473.png,0
train1474.png,0
train1475.png,0
train1476.png,0
train1477.png,1
train1478.png,0
train1479.png,0
train1480.png,0
train1481.png,0
train1482.png,0
train1483.png,0
train1484.png,0
train1485.png,0
train1486.png,0
train1487.png,0
train1488.png,0
train1489.png,0
train1490.png,0
train1491.png,0
train1492.png,0
train1493.png,0
train1494.png,0
train1495.png,0
train1496.png,1
train1497.png,0
train1498.png,0
train1499.png,0
train1500.png,0
train1501.png,1
train1502.png,1
train1503.png,0
train1504.png,0
train1505.png,0
train1506.png,1
train1507.png,0
train1508.png,0
train1509.png,0
train1510.png,0
train1511.png,0
train1512.png,0
train1513.png,0
train1514.png,0
train1515.png,0
train1516.png,0
train1517.png,0
train1518.png,0
train1519.png,0
train1520.png,0
train1521.png,1
train1522.png,0
train1523.png,0
train1524.png,0
train1525.png,1
train1526.png,1
train1527.png,0
train1528.png,0
train1529.png,0
train1530.png,0
train1531.png,1
train1532.png,1
train1533.png,0
train1534.png,0
train1535.png,0
train1536.png,0
train1537.png,1
train1538.png,1
train1539.png,0
train1540.png,0
train1541.png,0
train1542.png,0
train1543.png,0
train1544.png,0
train1545.png,0
train1546.png,1
train1547.png,0
train1548.png,0
train1549.png,0
train1550.png,0
train1551.png,0
train1552.png,0
train1553.png,1
train1554.png,0
train1555.png,0
train1556.png,0
train1557.png,0
train1558.png,0
train1559.png,0
train1560.png,0
train1561.png,1
train1562.png,0
train1563.png,0
train1564.png,1
train1565.png,0
train1566.png,0
train1567.png,0
train1568.png,0
train1569.png,0
train1570.png,0
train1571.png,0
train1572.png,0
train1573.png,0
train1574.png,0
train1575.png,0
train1576.png,0
train1577.png,0
train1578.png,0
train1579.png,1
train1580.png,0
train1581.png,0
train1582.png,0
train1583.png,0
train1584.png,0
train1585.png,0
train1586.png,0
train1587.png,0
train1588.png,0
train1589.png,0
train1590.png,0
train1591.png,0
train1592.png,0
train1593.png,0
train1594.png,0
train1595.png,1
train1596.png,0
train1597.png,0
train1598.png,0
train1599.png,1
train1600.png,0
train1601.png,1
train1602.png,1
train1603.png,0
train1604.png,0
train1605.png,0
train1606.png,0
train1607.png,0
train1608.png,0
train1609.png,0
train1610.png,0
train1611.png,0
train1612.png,1
train1613.png,0
train1614.png,0
train1615.png,0
train1616.png,0
train1617.png,0
train1618.png,0
train1619.png,0
train1620.png,0
train1621.png,0
train1622.png,0
train1623.png,1
train1624.png,0
train1625.png,1
train1626.png,0
train1627.png,0
train1628.png,1
train1629.png,0
train1630.png,0
train1631.png,0
train1632.png,0
train1633.png,1
train1634.png,0
train1635.png,0
train1636.png,0
train1637.png,0
train1638.png,1
train1639.png,0
train1640.png,0
train1641.png,0
train1642.png,0
train1643.png,0
train1644.png,1
train1645.png,1
train1646.png,1
train1647.png,0
train1648.png,1
train1649.png,0
train1650.png,0
train1651.png,0
train1652.png,0
train1653.png,0
train1654.png,0
train1655.png,0
train1656.png,0
train1657.png,0
train1658.png,0
train1659.png,0
train1660.png,0
train1661.png,0
train1662.png,0
train1663.png,1
train1664.png,1
train1665.png,1
train1666.png,0
train1667.png,0
train1668.png,0
train1669.png,0
train1670.png,0
train1671.png,0
train1672.png,0
train1673.png,0
train1674.png,0
train1675.png,1
train1676.png,0
train1677.png,0
train1678.png,1
train1679.png,0
train1680.png,0
train1681.png,0
train1682.png,0
train1683.png,1
train1684.png,1
train1685.png,0
train1686.png,1
train1687.png,0
train1688.png,0
train1689.png,0
train1690.png,0
train1691.png,0
train1692.png,0
train1693.png,1
train1694.png,0
train1695.png,0
train1696.png,0
train1697.png,0
train1698.png,1
train1699.png,0
train1700.png,1
train1701.png,0
train1702.png,1
train1703.png,0
train1704.png,0
train1705.png,0
train1706.png,0
train1707.png,0
train1708.png,0
train1709.png,0
train1710.png,0
train1711.png,0
train1712.png,0
train1713.png,0
train1714.png,0
train1715.png,0
train1716.png,0
train1717.png,0
train1718.png,0
train1719.png,0
train1720.png,1
train1721.png,0
train1722.png,0
train1723.png,0
train1724.png,0
train1725.png,0
train1726.png,1
train1727.png,1
train1728.png,1
train1729.png,1
train1730.png,0
train1731.png,0
train1732.png,0
train1733.png,0
train1734.png,0
train1735.png,0
train1736.png,1
train1737.png,0
train1738.png,0
train1739.png,0
train1740.png,0
train1741.png,0
train1742.png,0
train1743.png,0
train1744.png,0
train1745.png,0
train1746.png,0
train1747.png,0
train1748.png,0
train1749.png,1
train1750.png,0
train1751.png,1
train1752.png,0
train1753.png,0
train1754.png,0
train1755.png,0
train1756.png,1
train1757.png,0
train1758.png,0
train1759.png,0
train1760.png,1
train1761.png,0
train1762.png,0
train1763.png,0
train1764.png,0
train1765.png,1
train1766.png,0
train1767.png,0
train1768.png,0
train1769.png,0
train1770.png,0
train1771.png,1
train1772.png,0
train1773.png,0
train1774.png,0
train1775.png,0
train1776.png,0
train1777.png,0
train1778.png,0
train1779.png,0
train1780.png,1
train1781.png,0
train1782.png,0
train1783.png,1
train1784.png,0
train1785.png,0
train1786.png,1
train1787.png,0
train1788.png,0
train1789.png,0
train1790.png,1
train1791.png,0
train1792.png,1
train1793.png,0
train1794.png,0
train1795.png,0
train1796.png,0
train1797.png,0
train1798.png,0
train1799.png,1
train1800.png,0
train1801.png,0
train1802.png,0
train1803.png,0
train1804.png,1
train1805.png,0
train1806.png,0
train1807.png,0
train1808.png,0
train1809.png,0
train1810.png,0
train1811.png,0
train1812.png,0
train1813.png,1
train1814.png,1
train1815.png,0
train1816.png,0
train1817.png,0
train1818.png,1
train1819.png,0
train1820.png,0
train1821.png,0
train1822.png,0
train1823.png,0
train1824.png,0
train1825.png,0
train1826.png,0
train1827.png,0
train1828.png,0
train1829.png,0
train1830.png,0
train1831.png,0
train1832.png,0
train1833.png,0
train1834.png,1
train1835.png,0
train1836.png,0
train1837.png,0
train1838.png,1
train1839.png,1
train1840.png,0
train1841.png,0
train1842.png,0
train1843.png,0
train1844.png,0
train1845.png,0
train1846.png,0
train1847.png,0
train1848.png,0
train1849.png,0
train1850.png,0
train1851.png,0
train1852.png,0
train1853.png,0
train1854.png,0
train1855.png,0
train1856.png,0
train1857.png,0
train1858.png,0
train1859.png,0
train1860.png,0
train1861.png,0
train1862.png,0
train1863.png,0
train1864.png,0
train1865.png,0
train1866.png,0
train1867.png,0
train1868.png,0
train1869.png,0
train1870.png,0
train1871.png,0
train1872.png,1
train1873.png,0
train1874.png,0
train1875.png,0
train1876.png,0
train1877.png,0
train1878.png,0
train1879.png,0
train1880.png,1
train1881.png,0
train1882.png,0
train1883.png,0
train1884.png,0
train1885.png,0
train1886.png,0
train1887.png,1
train1888.png,0
train1889.png,0
train1890.png,1
train1891.png,0
train1892.png,0
train1893.png,0
train1894.png,0
train1895.png,0
train1896.png,0
train1897.png,0
train1898.png,1
train1899.png,0
train1900.png,1
train1901.png,0
train1902.png,0
train1903.png,0
train1904.png,0
train1905.png,0
train1906.png,0
train1907.png,0
train1908.png,0
train1909.png,0
train1910.png,0
train1911.png,0
train1912.png,0
train1913.png,0
train1914.png,0
train1915.png,1
train1916.png,0
train1917.png,0
train1918.png,0
train1919.png,0
train1920.png,0
train1921.png,0
train1922.png,0
train1923.png,1
train1924.png,0
train1925.png,0
train1926.png,0
train1927.png,0
train1928.png,0
train1929.png,0
train1930.png,0
train1931.png,1
train1932.png,0
train1933.png,0
train1934.png,0
train1935.png,0
train1936.png,0
train1937.png,1
train1938.png,1
train1939.png,0
train1940.png,0
train1941.png,0
train1942.png,0
train1943.png,0
train1944.png,0
train1945.png,0
train1946.png,0
train1947.png,0
train1948.png,0
train1949.png,0
train1950.png,0
train1951.png,1
train1952.png,1
train1953.png,0
train1954.png,1
train1955.png,1
train1956.png,0
train1957.png,0
train1958.png,0
train1959.png,0
train1960.png,0
train1961.png,0
train1962.png,0
train1963.png,0
train1964.png,1
train1965.png,1
train1966.png,0
train1967.png,0
train1968.png,0
train1969.png,0
train1970.png,0
train1971.png,1
train1972.png,0
train1973.png,0
train1974.png,0
train1975.png,1
train1976.png,0
train1977.png,0
train1978.png,1
train1979.png,0
train1980.png,0
train1981.png,0
train1982.png,0
train1983.png,0
train1984.png,0
train1985.png,1
train1986.png,0
train1987.png,0
train1988.png,1
train1989.png,0
train1990.png,0
train1991.png,0
train1992.png,0
train1993.png,1
train1994.png,1
train1995.png,0
train1996.png,0
train1997.png,1
train1998.png,0
train1999.png,0
train2000.png,0
train2001.png,0
train2002.png,0
train2003.png,0
train2004.png,0
train2005.png,0
train2006.png,0
train2007.png,0
train2008.png,0
train2009.png,0
train2010.png,0
train2011.png,0
train2012.png,0
train2013.png,0
train2014.png,0
train2015.png,0
train2016.png,0
train2017.png,0
train2018.png,0
train2019.png,0
train2020.png,0
train2021.png,0
train2022.png,0
train2023.png,1
train2024.png,1
train2025.png,0
train2026.png,0
train2027.png,0
train2028.png,0
train2029.png,0
train2030.png,1
train2031.png,0
train2032.png,1
train2033.png,0
train2034.png,0
train2035.png,0
train2036.png,1
train2037.png,1
train2038.png,0
train2039.png,0
train2040.png,0
train2041.png,0
train2042.png,1
train2043.png,0
train2044.png,0
train2045.png,1
train2046.png,0
train2047.png,0
train2048.png,1
train2049.png,0
train2050.png,0
train2051.png,0
train2052.png,1
train2053.png,0
train2054.png,1
train2055.png,0
train2056.png,0
train2057.png,0
train2058.png,0
train2059.png,0
train2060.png,0
train2061.png,0
train2062.png,0
train2063.png,0
train2064.png,0
train2065.png,0
train2066.png,0
train2067.png,0
train2068.png,0
train2069.png,0
train2070.png,0
train2071.png,0
train2072.png,0
train2073.png,1
train2074.png,1
train2075.png,0
train2076.png,0
train2077.png,0
train2078.png,0
train2079.png,0
train2080.png,0
train2081.png,0
train2082.png,0
train2083.png,0
train2084.png,0
train2085.png,0
train2086.png,0
train2087.png,0
train2088.png,0
train2089.png,0
train2090.png,1
train2091.png,0
train2092.png,0
train2093.png,0
train2094.png,0
train2095.png,0
train2096.png,0
train2097.png,1
train2098.png,0
train2099.png,0
train2100.png,0
train2101.png,0
train2102.png,0
train2103.png,0
train2104.png,0
train2105.png,0
train2106.png,0
train2107.png,0
train2108.png,1
train2109.png,0
train2110.png,0
train2111.png,0
train2112.png,0
train2113.png,0
train2114.png,1
train2115.png,0
train2116.png,1
train2117.png,1
train2118.png,1
train2119.png,0
train2120.png,0
train2121.png,0
train2122.png,0
train2123.png,0
train2124.png,0
train2125.png,1
train2126.png,0
train2127.png,1
train2128.png,0
train2129.png,0
train2130.png,0
train2131.png,0
train2132.png,0
train2133.png,0
train2134.png,1
train2135.png,0
train2136.png,0
train2137.png,0
train2138.png,0
train2139.png,0
train2140.png,0
train2141.png,0
train2142.png,0
train2143.png,0
train2144.png,0
train2145.png,0
train2146.png,0
train2147.png,0
train2148.png,0
train2149.png,0
train2150.png,0
train2151.png,0
train2152.png,0
train2153.png,0
train2154.png,0
train2155.png,0
train2156.png,1
train2157.png,0
train2158.png,0
train2159.png,0
train2160.png,0
train2161.png,0
train2162.png,0
train2163.png,0
train2164.png,0
train2165.png,0
train2166.png,0
train2167.png,0
train2168.png,0
train2169.png,0
train2170.png,0
train2171.png,0
train2172.png,0
train2173.png,0
train2174.png,0
train2175.png,0
train2176.png,1
train2177.png,0
train2178.png,1
train2179.png,0
train2180.png,0
train2181.png,1
train2182.png,0
train2183.png,0
train2184.png,0
train2185.png,0
train2186.png,0
train2187.png,0
train2188.png,0
train2189.png,0
train2190.png,0
train2191.png,1
train2192.png,0
train2193.png,0
train2194.png,1
train2195.png,0
train2196.png,0
train2197.png,0
train2198.png,0
train2199.png,0
train2200.png,0
train2201.png,0
train2202.png,1
train2203.png,0
train2204.png,0
train2205.png,0
train2206.png,0
train2207.png,0
train2208.png,0
train2209.png,0
train2210.png,0
train2211.png,1
train2212.png,0
train2213.png,0
train2214.png,0
train2215.png,0
train2216.png,0
train2217.png,0
train2218.png,0
train2219.png,1
train2220.png,0
train2221.png,0
train2222.png,0
train2223.png,0
train2224.png,0
train2225.png,1
train2226.png,0
train2227.png,0
train2228.png,1
train2229.png,0
train2230.png,0
train2231.png,0
train2232.png,0
train2233.png,1
train2234.png,0
train2235.png,0
train2236.png,0
train2237.png,0
train2238.png,0
train2239.png,0
train2240.png,0
train2241.png,0
train2242.png,0
train2243.png,0
train2244.png,0
train2245.png,1
train2246.png,0
train2247.png,1
train2248.png,0
train2249.png,0
train2250.png,0
train2251.png,0
train2252.png,0
train2253.png,0
train2254.png,0
train2255.png,0
train2256.png,0
train2257.png,0
train2258.png,0
train2259.png,1
train2260.png,0
train2261.png,1
train2262.png,0
train2263.png,0
train2264.png,0
train2265.png,0
train2266.png,0
train2267.png,0
train2268.png,0
train2269.png,0
train2270.png,1
train2271.png,1
train2272.png,0
train2273.png,0
train2274.png,0
train2275.png,0
train2276.png,0
train2277.png,0
train2278.png,0
train2279.png,0
train2280.png,0
train2281.png,0
train2282.png,0
train2283.png,0
train2284.png,0
train2285.png,0
train2286.png,0
train2287.png,0
train2288.png,0
train2289.png,1
train2290.png,0
train2291.png,0
train2292.png,1
train2293.png,0
train2294.png,1
train2295.png,0
train2296.png,0
train2297.png,0
train2298.png,0
train2299.png,0
train2300.png,1
train2301.png,0
train2302.png,1
train2303.png,0
train2304.png,0
train2305.png,0
train2306.png,0
train2307.png,0
train2308.png,0
train2309.png,0
train2310.png,1
train2311.png,0
train2312.png,0
train2313.png,0
train2314.png,1
train2315.png,0
train2316.png,0
train2317.png,0
train2318.png,0
train2319.png,0
train2320.png,1
train2321.png,0
train2322.png,0
train2323.png,0
train2324.png,0
train2325.png,0
train2326.png,0
train2327.png,0
train2328.png,0
train2329.png,0
train2330.png,0
train2331.png,0
train2332.png,0
train2333.png,0
train2334.png,1
train2335.png,0
train2336.png,0
train2337.png,0
train2338.png,0
train2339.png,0
train2340.png,0
train2341.png,0
train2342.png,1
train2343.png,0
train2344.png,0
train2345.png,0
train2346.png,0
train2347.png,1
train2348.png,0
train2349.png,0
train2350.png,0
train2351.png,1
train2352.png,0
train2353.png,0
train2354.png,0
train2355.png,0
train2356.png,0
train2357.png,0
train2358.png,0
train2359.png,0
train2360.png,0
train2361.png,0
train2362.png,0
train2363.png,0
train2364.png,0
train2365.png,1
train2366.png,1
train2367.png,0
train2368.png,1
train2369.png,0
train2370.png,0
train2371.png,1
train2372.png,0
train2373.png,1
train2374.png,1
train2375.png,0
train2376.png,0
train2377.png,0
train2378.png,0
train2379.png,0
train2380.png,0
train2381.png,0
train2382.png,0
train2383.png,0
train2384.png,0
train2385.png,0
train2386.png,0
train2387.png,0
train2388.png,0
train2389.png,1
train2390.png,0
train2391.png,0
train2392.png,0
train2393.png,0
train2394.png,0
train2395.png,0
train2396.png,0
train2397.png,0
train2398.png,0
train2399.png,0
train2400.png,0
train2401.png,0
train2402.png,0
train2403.png,0
train2404.png,0
train2405.png,0
train2406.png,0
train2407.png,0
train2408.png,0
train2409.png,0
train2410.png,0
train2411.png,0
train2412.png,0
train2413.png,0
train2414.png,0
train2415.png,1
train2416.png,0
train2417.png,0
train2418.png,0
train2419.png,0
train2420.png,0
train2421.png,0
train2422.png,0
train2423.png,1
train2424.png,0
train2425.png,1
train2426.png,0
train2427.png,0
train2428.png,0
train2429.png,0
train2430.png,0
train2431.png,0
train2432.png,0
train2433.png,1
train2434.png,1
train2435.png,0
train2436.png,0
train2437.png,1
train2438.png,0
train2439.png,0
train2440.png,1
train2441.png,0
train2442.png,0
train2443.png,0
train2444.png,0
train2445.png,0
train2446.png,0
train2447.png,1
train2448.png,0
train2449.png,0
train2450.png,0
train2451.png,1
train2452.png,0
train2453.png,0
train2454.png,0
train2455.png,0
train2456.png,0
train2457.png,0
train2458.png,0
train2459.png,0
train2460.png,0
train2461.png,1
train2462.png,1
train2463.png,0
train2464.png,1
train2465.png,0
train2466.png,0
train2467.png,0
train2468.png,0
train2469.png,1
train2470.png,0
train2471.png,1
train2472.png,0
train2473.png,0
train2474.png,0
train2475.png,1
train2476.png,0
train2477.png,0
train2478.png,0
train2479.png,0
train2480.png,0
train2481.png,0
train2482.png,0
train2483.png,0
train2484.png,0
train2485.png,1
train2486.png,0
train2487.png,0
train2488.png,1
train2489.png,1
train2490.png,0
train2491.png,0
train2492.png,0
train2493.png,0
train2494.png,0
train2495.png,0
train2496.png,0
train2497.png,0
train2498.png,0
train2499.png,0
train2500.png,0
train2501.png,0
train2502.png,0
train2503.png,1
train2504.png,0
train2505.png,0
train2506.png,0
train2507.png,0
train2508.png,0
train2509.png,0
train2510.png,0
train2511.png,0
train2512.png,0
train2513.png,0
train2514.png,0
train2515.png,1
train2516.png,0
train2517.png,0
train2518.png,0
train2519.png,0
train2520.png,0
train2521.png,0
train2522.png,0
train2523.png,0
train2524.png,1
train2525.png,0
train2526.png,1
train2527.png,0
train2528.png,0
train2529.png,0
train2530.png,0
train2531.png,0
train2532.png,0
train2533.png,0
train2534.png,0
train2535.png,0
train2536.png,1
train2537.png,0
train2538.png,0
train2539.png,0
train2540.png,0
train2541.png,0
train2542.png,0
train2543.png,0
train2544.png,1
train2545.png,1
train2546.png,0
train2547.png,0
train2548.png,0
train2549.png,0
train2550.png,1
train2551.png,1
train2552.png,0
train2553.png,0
train2554.png,0
train2555.png,0
train2556.png,0
train2557.png,0
train2558.png,1
train2559.png,0
train2560.png,0
train2561.png,1
train2562.png,0
train2563.png,0
train2564.png,0
train2565.png,0
train2566.png,1
train2567.png,0
train2568.png,0
train2569.png,1
train2570.png,0
train2571.png,0
train2572.png,1
train2573.png,0
train2574.png,0
train2575.png,0
train2576.png,0
train2577.png,0
train2578.png,0
train2579.png,0
train2580.png,1
train2581.png,0
train2582.png,0
train2583.png,0
train2584.png,0
train2585.png,0
train2586.png,0
train2587.png,1
train2588.png,0
train2589.png,0
train2590.png,0
train2591.png,0
train2592.png,0
train2593.png,0
train2594.png,1
train2595.png,1
train2596.png,1
train2597.png,0
train2598.png,0
train2599.png,0
train2600.png,1
train2601.png,0
train2602.png,0
train2603.png,1
train2604.png,0
train2605.png,1
train2606.png,0
train2607.png,0
train2608.png,0
train2609.png,0
train2610.png,0
train2611.png,0
train2612.png,0
train2613.png,0
train2614.png,0
train2615.png,0
train2616.png,0
train2617.png,0
train2618.png,0
train2619.png,0
train2620.png,0
train2621.png,0
train2622.png,0
train2623.png,1
train2624.png,0
train2625.png,0
train2626.png,0
train2627.png,0
train2628.png,0
train2629.png,0
train2630.png,0
train2631.png,1
train2632.png,0
train2633.png,0
train2634.png,0
train2635.png,0
train2636.png,0
train2637.png,0
train2638.png,0
train2639.png,1
train2640.png,0
train2641.png,0
train2642.png,0
train2643.png,0
train2644.png,1
train2645.png,0
train2646.png,0
train2647.png,0
train2648.png,0
train2649.png,1
train2650.png,0
train2651.png,0
train2652.png,0
train2653.png,0
train2654.png,1
train2655.png,0
train2656.png,1
train2657.png,0
train2658.png,0
train2659.png,0
train2660.png,1
train2661.png,0
train2662.png,0
train2663.png,0
train2664.png,0
train2665.png,1
train2666.png,0
train2667.png,0
train2668.png,1
train2669.png,0
train2670.png,0
train2671.png,0
train2672.png,0
train2673.png,0
train2674.png,0
train2675.png,0
train2676.png,0
train2677.png,0
train2678.png,0
train2679.png,1
train2680.png,0
train2681.png,0
train2682.png,0
train2683.png,0
train2684.png,1
train2685.png,0
train2686.png,0
train2687.png,0
train2688.png,0
